[
    {
        "fname": "mark",
        "lname": "rafat",
        "id": 1,
        "city": "cairo",
        "age": 22
    },
    {
        "fname": "mark",
        "lname": "rafat",
        "id": 2,
        "city": "cairo",
        "age": 22
    },
    {
        "fname": "mark",
        "lname": "rafat",
        "id": 3,
        "city": "cairo",
        "age": 22
    },
    {
        "fname": "mark",
        "lname": "rafat",
        "id": 4,
        "city": "cairo",
        "age": 22
    },
    {
        "fname": "mark",
        "lname": "rafat",
        "id": 5,
        "city": "cairo",
        "age": 22
    },
    {
        "fname": "mark",
        "lname": "rafat",
        "id": 6,
        "city": "cairo",
        "age": 22
    },
    {
        "fname": "mark",
        "lname": "rafat",
        "id": 7,
        "city": "cairo",
        "age": 22
    },
    {
        "fname": "mark",
        "lname": "rafat",
        "id": 8,
        "city": "cairo",
        "age": 22
    },
    {
        "fname": "mark",
        "lname": "rafat",
        "id": 9,
        "city": "cairo",
        "age": 22
    },
    {
        "fname": "mark",
        "lname": "rafat",
        "id": 10,
        "city": "cairo",
        "age": 22
    }
]